trial_number, time, schedule_type, schedule_name, is_biased_choice, side_choice, RT, observed_reward, unobserved_reward, biased_reward, unbiased_reward
0,2018-08-15 05:28:35pm, STATIC, random_15, false, RIGHT, 3353, 0, 0, 0, 0
1,2018-08-15 05:28:39pm, STATIC, random_15, true, LEFT, 3572, 1, 0, 1, 0
2,2018-08-15 05:28:42pm, STATIC, random_15, true, LEFT, 3058, 0, 1, 0, 1
3,2018-08-15 05:28:47pm, STATIC, random_15, true, LEFT, 4711, 0, 1, 0, 1
4,2018-08-15 05:28:49pm, STATIC, random_15, false, RIGHT, 2731, 0, 1, 1, 0
5,2018-08-15 05:28:54pm, STATIC, random_15, false, RIGHT, 4624, 0, 1, 1, 0
6,2018-08-15 05:28:57pm, STATIC, random_15, false, RIGHT, 2988, 0, 0, 0, 0
7,2018-08-15 05:28:59pm, STATIC, random_15, true, LEFT, 2583, 0, 0, 0, 0
8,2018-08-15 05:29:02pm, STATIC, random_15, false, RIGHT, 2581, 0, 1, 1, 0
9,2018-08-15 05:29:05pm, STATIC, random_15, false, RIGHT, 2516, 0, 0, 0, 0
10,2018-08-15 05:29:07pm, STATIC, random_15, false, RIGHT, 2394, 0, 1, 1, 0
11,2018-08-15 05:29:09pm, STATIC, random_15, false, RIGHT, 2346, 0, 0, 0, 0
12,2018-08-15 05:29:12pm, STATIC, random_15, true, LEFT, 2670, 0, 0, 0, 0
13,2018-08-15 05:29:14pm, STATIC, random_15, true, LEFT, 2483, 0, 0, 0, 0
14,2018-08-15 05:29:19pm, STATIC, random_15, true, LEFT, 4851, 0, 0, 0, 0
15,2018-08-15 05:29:22pm, STATIC, random_15, false, RIGHT, 2404, 0, 0, 0, 0
16,2018-08-15 05:29:24pm, STATIC, random_15, true, LEFT, 2400, 0, 0, 0, 0
17,2018-08-15 05:29:27pm, STATIC, random_15, true, LEFT, 2577, 0, 0, 0, 0
18,2018-08-15 05:29:30pm, STATIC, random_15, false, RIGHT, 2934, 1, 0, 0, 1
19,2018-08-15 05:29:32pm, STATIC, random_15, true, LEFT, 2439, 0, 0, 0, 0
20,2018-08-15 05:29:34pm, STATIC, random_15, false, RIGHT, 2232, 0, 0, 0, 0
21,2018-08-15 05:29:37pm, STATIC, random_15, false, RIGHT, 2407, 0, 1, 1, 0
22,2018-08-15 05:29:39pm, STATIC, random_15, false, RIGHT, 2415, 0, 0, 0, 0
23,2018-08-15 05:29:42pm, STATIC, random_15, false, RIGHT, 2438, 0, 0, 0, 0
24,2018-08-15 05:29:44pm, STATIC, random_15, false, RIGHT, 2393, 0, 0, 0, 0
25,2018-08-15 05:29:46pm, STATIC, random_15, false, RIGHT, 2234, 0, 1, 1, 0
26,2018-08-15 05:29:49pm, STATIC, random_15, true, LEFT, 2412, 0, 0, 0, 0
27,2018-08-15 05:29:51pm, STATIC, random_15, true, LEFT, 2318, 0, 1, 0, 1
28,2018-08-15 05:29:53pm, STATIC, random_15, true, LEFT, 2407, 0, 0, 0, 0
29,2018-08-15 05:29:56pm, STATIC, random_15, true, LEFT, 2350, 1, 0, 1, 0
30,2018-08-15 05:29:58pm, STATIC, random_15, true, LEFT, 2420, 0, 1, 0, 1
31,2018-08-15 05:30:01pm, STATIC, random_15, true, LEFT, 2442, 0, 1, 0, 1
32,2018-08-15 05:30:03pm, STATIC, random_15, true, LEFT, 2357, 0, 0, 0, 0
33,2018-08-15 05:30:05pm, STATIC, random_15, true, LEFT, 2443, 0, 1, 0, 1
34,2018-08-15 05:30:08pm, STATIC, random_15, true, LEFT, 2602, 0, 0, 0, 0
35,2018-08-15 05:30:10pm, STATIC, random_15, true, LEFT, 2358, 0, 0, 0, 0
36,2018-08-15 05:30:13pm, STATIC, random_15, true, LEFT, 2379, 0, 0, 0, 0
37,2018-08-15 05:30:15pm, STATIC, random_15, true, LEFT, 2422, 0, 1, 0, 1
38,2018-08-15 05:30:17pm, STATIC, random_15, true, LEFT, 2372, 1, 0, 1, 0
39,2018-08-15 05:30:20pm, STATIC, random_15, true, LEFT, 2614, 0, 0, 0, 0
40,2018-08-15 05:30:23pm, STATIC, random_15, true, LEFT, 2549, 1, 1, 1, 1
41,2018-08-15 05:30:25pm, STATIC, random_15, true, LEFT, 2342, 1, 1, 1, 1
42,2018-08-15 05:30:28pm, STATIC, random_15, true, LEFT, 2412, 1, 0, 1, 0
43,2018-08-15 05:30:30pm, STATIC, random_15, true, LEFT, 2898, 0, 1, 0, 1
44,2018-08-15 05:30:33pm, STATIC, random_15, true, LEFT, 2537, 1, 0, 1, 0
45,2018-08-15 05:30:35pm, STATIC, random_15, true, LEFT, 2421, 0, 1, 0, 1
46,2018-08-15 05:30:38pm, STATIC, random_15, true, LEFT, 2412, 0, 0, 0, 0
47,2018-08-15 05:30:40pm, STATIC, random_15, true, LEFT, 2328, 0, 0, 0, 0
48,2018-08-15 05:30:42pm, STATIC, random_15, true, LEFT, 2309, 1, 0, 1, 0
49,2018-08-15 05:30:45pm, STATIC, random_15, true, LEFT, 2389, 0, 0, 0, 0
50,2018-08-15 05:30:47pm, STATIC, random_15, true, LEFT, 2235, 0, 1, 0, 1
51,2018-08-15 05:30:49pm, STATIC, random_15, true, LEFT, 2426, 0, 0, 0, 0
52,2018-08-15 05:30:52pm, STATIC, random_15, true, LEFT, 2357, 0, 0, 0, 0
53,2018-08-15 05:30:54pm, STATIC, random_15, true, LEFT, 2463, 0, 1, 0, 1
54,2018-08-15 05:30:57pm, STATIC, random_15, true, LEFT, 2374, 1, 1, 1, 1
55,2018-08-15 05:30:59pm, STATIC, random_15, true, LEFT, 2338, 0, 0, 0, 0
56,2018-08-15 05:31:01pm, STATIC, random_15, true, LEFT, 2377, 0, 0, 0, 0
57,2018-08-15 05:31:04pm, STATIC, random_15, true, LEFT, 2354, 0, 1, 0, 1
58,2018-08-15 05:31:06pm, STATIC, random_15, true, LEFT, 2361, 0, 0, 0, 0
59,2018-08-15 05:31:08pm, STATIC, random_15, true, LEFT, 2419, 1, 0, 1, 0
60,2018-08-15 05:31:11pm, STATIC, random_15, true, LEFT, 2350, 0, 0, 0, 0
61,2018-08-15 05:31:13pm, STATIC, random_15, true, LEFT, 2354, 1, 1, 1, 1
62,2018-08-15 05:31:16pm, STATIC, random_15, true, LEFT, 2425, 0, 0, 0, 0
63,2018-08-15 05:31:18pm, STATIC, random_15, true, LEFT, 2347, 0, 0, 0, 0
64,2018-08-15 05:31:20pm, STATIC, random_15, true, LEFT, 2452, 0, 0, 0, 0
65,2018-08-15 05:31:23pm, STATIC, random_15, true, LEFT, 2525, 0, 0, 0, 0
66,2018-08-15 05:31:25pm, STATIC, random_15, true, LEFT, 2331, 0, 0, 0, 0
67,2018-08-15 05:31:28pm, STATIC, random_15, true, LEFT, 2392, 1, 0, 1, 0
68,2018-08-15 05:31:30pm, STATIC, random_15, true, LEFT, 2421, 0, 0, 0, 0
69,2018-08-15 05:31:33pm, STATIC, random_15, true, LEFT, 2514, 1, 0, 1, 0
70,2018-08-15 05:31:35pm, STATIC, random_15, true, LEFT, 2398, 0, 1, 0, 1
71,2018-08-15 05:31:37pm, STATIC, random_15, true, LEFT, 2428, 0, 0, 0, 0
72,2018-08-15 05:31:40pm, STATIC, random_15, true, LEFT, 2568, 0, 0, 0, 0
73,2018-08-15 05:31:42pm, STATIC, random_15, true, LEFT, 2387, 0, 0, 0, 0
74,2018-08-15 05:31:45pm, STATIC, random_15, true, LEFT, 2385, 0, 0, 0, 0
75,2018-08-15 05:31:47pm, STATIC, random_15, true, LEFT, 2162, 0, 0, 0, 0
76,2018-08-15 05:31:49pm, STATIC, random_15, true, LEFT, 2420, 0, 1, 0, 1
77,2018-08-15 05:31:52pm, STATIC, random_15, true, LEFT, 2348, 1, 0, 1, 0
78,2018-08-15 05:31:54pm, STATIC, random_15, true, LEFT, 2447, 0, 0, 0, 0
79,2018-08-15 05:31:56pm, STATIC, random_15, true, LEFT, 2320, 0, 0, 0, 0
80,2018-08-15 05:31:59pm, STATIC, random_15, true, LEFT, 2355, 0, 1, 0, 1
81,2018-08-15 05:32:01pm, STATIC, random_15, true, LEFT, 2462, 1, 0, 1, 0
82,2018-08-15 05:32:04pm, STATIC, random_15, true, LEFT, 2445, 1, 0, 1, 0
83,2018-08-15 05:32:06pm, STATIC, random_15, true, LEFT, 2327, 0, 0, 0, 0
84,2018-08-15 05:32:08pm, STATIC, random_15, true, LEFT, 2487, 1, 1, 1, 1
85,2018-08-15 05:32:11pm, STATIC, random_15, true, LEFT, 2352, 0, 0, 0, 0
86,2018-08-15 05:32:14pm, STATIC, random_15, true, LEFT, 3039, 0, 1, 0, 1
87,2018-08-15 05:32:16pm, STATIC, random_15, true, LEFT, 2471, 0, 0, 0, 0
88,2018-08-15 05:32:19pm, STATIC, random_15, true, LEFT, 2370, 0, 0, 0, 0
89,2018-08-15 05:32:22pm, STATIC, random_15, true, LEFT, 3207, 0, 0, 0, 0
90,2018-08-15 05:32:25pm, STATIC, random_15, true, LEFT, 2718, 0, 0, 0, 0
91,2018-08-15 05:32:27pm, STATIC, random_15, true, LEFT, 2503, 0, 0, 0, 0
92,2018-08-15 05:32:31pm, STATIC, random_15, true, LEFT, 3305, 1, 0, 1, 0
93,2018-08-15 05:32:33pm, STATIC, random_15, true, LEFT, 2932, 0, 1, 0, 1
94,2018-08-15 05:32:36pm, STATIC, random_15, true, LEFT, 2302, 0, 1, 0, 1
95,2018-08-15 05:32:38pm, STATIC, random_15, true, LEFT, 2374, 0, 0, 0, 0
96,2018-08-15 05:32:40pm, STATIC, random_15, true, LEFT, 2351, 0, 1, 0, 1
97,2018-08-15 05:32:43pm, STATIC, random_15, true, LEFT, 2378, 1, 0, 1, 0
98,2018-08-15 05:32:45pm, STATIC, random_15, true, LEFT, 2314, 0, 0, 0, 0
99,2018-08-15 05:32:47pm, STATIC, random_15, true, LEFT, 2323, 0, 0, 0, 0
