trial_number, time, schedule_type, schedule_name, is_biased_choice, side_choice, RT, observed_reward, unobserved_reward, biased_reward, unbiased_reward
0,2018-08-15 05:28:16pm, STATIC, random_0, false, LEFT, 1123, 1, 0, 0, 1
1,2018-08-15 05:28:19pm, STATIC, random_0, false, LEFT, 3872, 1, 0, 0, 1
2,2018-08-15 05:28:23pm, STATIC, random_0, false, LEFT, 3156, 1, 0, 0, 1
3,2018-08-15 05:28:25pm, STATIC, random_0, false, LEFT, 2699, 0, 0, 0, 0
4,2018-08-15 05:28:29pm, STATIC, random_0, true, RIGHT, 3285, 0, 0, 0, 0
5,2018-08-15 05:28:32pm, STATIC, random_0, false, LEFT, 3204, 0, 1, 1, 0
6,2018-08-15 05:28:34pm, STATIC, random_0, false, LEFT, 2443, 0, 0, 0, 0
7,2018-08-15 05:28:38pm, STATIC, random_0, false, LEFT, 3253, 0, 0, 0, 0
8,2018-08-15 05:28:41pm, STATIC, random_0, true, RIGHT, 3680, 1, 0, 1, 0
9,2018-08-15 05:28:45pm, STATIC, random_0, true, RIGHT, 4040, 0, 0, 0, 0
10,2018-08-15 05:28:49pm, STATIC, random_0, false, LEFT, 3396, 0, 0, 0, 0
11,2018-08-15 05:28:52pm, STATIC, random_0, false, LEFT, 3021, 0, 1, 1, 0
12,2018-08-15 05:28:56pm, STATIC, random_0, false, LEFT, 4271, 0, 0, 0, 0
13,2018-08-15 05:29:00pm, STATIC, random_0, true, RIGHT, 3588, 0, 1, 0, 1
14,2018-08-15 05:29:06pm, STATIC, random_0, true, RIGHT, 6132, 0, 1, 0, 1
15,2018-08-15 05:29:09pm, STATIC, random_0, false, LEFT, 3320, 0, 0, 0, 0
16,2018-08-15 05:29:13pm, STATIC, random_0, false, LEFT, 4284, 1, 0, 0, 1
17,2018-08-15 05:29:19pm, STATIC, random_0, true, RIGHT, 5536, 0, 0, 0, 0
18,2018-08-15 05:29:22pm, STATIC, random_0, false, LEFT, 3300, 0, 0, 0, 0
19,2018-08-15 05:29:26pm, STATIC, random_0, false, LEFT, 3764, 0, 1, 1, 0
20,2018-08-15 05:29:33pm, STATIC, random_0, false, LEFT, 7196, 1, 1, 1, 1
21,2018-08-15 05:29:36pm, STATIC, random_0, false, LEFT, 3175, 0, 0, 0, 0
22,2018-08-15 05:29:39pm, STATIC, random_0, true, RIGHT, 3205, 0, 0, 0, 0
23,2018-08-15 05:29:44pm, STATIC, random_0, false, LEFT, 4748, 0, 0, 0, 0
24,2018-08-15 05:29:49pm, STATIC, random_0, true, RIGHT, 4736, 0, 0, 0, 0
25,2018-08-15 05:29:54pm, STATIC, random_0, false, LEFT, 4627, 0, 0, 0, 0
26,2018-08-15 05:29:57pm, STATIC, random_0, false, LEFT, 3073, 0, 0, 0, 0
27,2018-08-15 05:30:00pm, STATIC, random_0, false, LEFT, 3435, 0, 1, 1, 0
28,2018-08-15 05:30:03pm, STATIC, random_0, true, RIGHT, 3004, 0, 0, 0, 0
29,2018-08-15 05:30:06pm, STATIC, random_0, true, RIGHT, 2669, 0, 0, 0, 0
30,2018-08-15 05:30:08pm, STATIC, random_0, false, LEFT, 2692, 0, 0, 0, 0
31,2018-08-15 05:30:11pm, STATIC, random_0, false, LEFT, 2820, 0, 0, 0, 0
32,2018-08-15 05:30:14pm, STATIC, random_0, true, RIGHT, 2452, 0, 0, 0, 0
33,2018-08-15 05:30:16pm, STATIC, random_0, true, RIGHT, 2299, 0, 0, 0, 0
34,2018-08-15 05:30:18pm, STATIC, random_0, false, LEFT, 2273, 1, 0, 0, 1
35,2018-08-15 05:30:21pm, STATIC, random_0, false, LEFT, 2292, 1, 0, 0, 1
36,2018-08-15 05:30:23pm, STATIC, random_0, false, LEFT, 2548, 1, 0, 0, 1
37,2018-08-15 05:30:26pm, STATIC, random_0, true, RIGHT, 2612, 1, 1, 1, 1
38,2018-08-15 05:30:29pm, STATIC, random_0, false, LEFT, 2964, 1, 0, 0, 1
39,2018-08-15 05:30:31pm, STATIC, random_0, true, RIGHT, 2500, 0, 0, 0, 0
40,2018-08-15 05:30:35pm, STATIC, random_0, false, LEFT, 3356, 0, 0, 0, 0
41,2018-08-15 05:30:37pm, STATIC, random_0, false, LEFT, 2645, 0, 0, 0, 0
42,2018-08-15 05:30:40pm, STATIC, random_0, true, RIGHT, 2707, 0, 0, 0, 0
43,2018-08-15 05:30:42pm, STATIC, random_0, true, RIGHT, 2556, 0, 0, 0, 0
44,2018-08-15 05:30:45pm, STATIC, random_0, false, LEFT, 2803, 1, 1, 1, 1
45,2018-08-15 05:30:48pm, STATIC, random_0, false, LEFT, 2456, 0, 1, 1, 0
46,2018-08-15 05:30:51pm, STATIC, random_0, false, LEFT, 3169, 1, 0, 0, 1
47,2018-08-15 05:30:54pm, STATIC, random_0, false, LEFT, 3508, 0, 0, 0, 0
48,2018-08-15 05:30:57pm, STATIC, random_0, false, LEFT, 2555, 0, 0, 0, 0
49,2018-08-15 05:30:59pm, STATIC, random_0, true, RIGHT, 2321, 0, 1, 0, 1
50,2018-08-15 05:31:01pm, STATIC, random_0, false, LEFT, 2251, 1, 1, 1, 1
51,2018-08-15 05:31:24pm, STATIC, random_0, false, LEFT, 22717, 0, 0, 0, 0
52,2018-08-15 05:31:26pm, STATIC, random_0, true, RIGHT, 2207, 0, 1, 0, 1
53,2018-08-15 05:31:29pm, STATIC, random_0, true, RIGHT, 2517, 0, 0, 0, 0
54,2018-08-15 05:31:31pm, STATIC, random_0, false, LEFT, 2484, 0, 1, 1, 0
55,2018-08-15 05:31:36pm, STATIC, random_0, true, RIGHT, 5043, 0, 0, 0, 0
56,2018-08-15 05:31:39pm, STATIC, random_0, false, LEFT, 2760, 0, 0, 0, 0
57,2018-08-15 05:31:43pm, STATIC, random_0, false, LEFT, 3252, 0, 0, 0, 0
58,2018-08-15 05:31:45pm, STATIC, random_0, true, RIGHT, 2521, 0, 1, 0, 1
59,2018-08-15 05:31:47pm, STATIC, random_0, false, LEFT, 2344, 1, 1, 1, 1
60,2018-08-15 05:31:50pm, STATIC, random_0, false, LEFT, 2352, 1, 1, 1, 1
61,2018-08-15 05:31:53pm, STATIC, random_0, false, LEFT, 3064, 1, 0, 0, 1
62,2018-08-15 05:31:55pm, STATIC, random_0, false, LEFT, 2704, 0, 1, 1, 0
63,2018-08-15 05:31:58pm, STATIC, random_0, true, RIGHT, 2483, 1, 0, 1, 0
64,2018-08-15 05:32:02pm, STATIC, random_0, true, RIGHT, 3977, 0, 1, 0, 1
65,2018-08-15 05:32:07pm, STATIC, random_0, true, RIGHT, 4485, 0, 1, 0, 1
66,2018-08-15 05:32:10pm, STATIC, random_0, false, LEFT, 3428, 0, 0, 0, 0
67,2018-08-15 05:32:13pm, STATIC, random_0, false, LEFT, 2722, 0, 1, 1, 0
68,2018-08-15 05:32:15pm, STATIC, random_0, true, RIGHT, 2725, 1, 0, 1, 0
69,2018-08-15 05:32:18pm, STATIC, random_0, true, RIGHT, 2604, 1, 0, 1, 0
70,2018-08-15 05:32:20pm, STATIC, random_0, false, LEFT, 2540, 0, 0, 0, 0
71,2018-08-15 05:32:23pm, STATIC, random_0, true, RIGHT, 2348, 1, 0, 1, 0
72,2018-08-15 05:32:25pm, STATIC, random_0, true, RIGHT, 2223, 1, 0, 1, 0
73,2018-08-15 05:32:27pm, STATIC, random_0, true, RIGHT, 2213, 0, 0, 0, 0
74,2018-08-15 05:32:30pm, STATIC, random_0, false, LEFT, 2757, 0, 1, 1, 0
75,2018-08-15 05:32:36pm, STATIC, random_0, true, RIGHT, 6251, 0, 0, 0, 0
76,2018-08-15 05:32:39pm, STATIC, random_0, false, LEFT, 3147, 0, 0, 0, 0
77,2018-08-15 05:32:42pm, STATIC, random_0, false, LEFT, 2421, 0, 0, 0, 0
78,2018-08-15 05:32:45pm, STATIC, random_0, true, RIGHT, 3464, 0, 0, 0, 0
79,2018-08-15 05:32:48pm, STATIC, random_0, false, LEFT, 2387, 0, 0, 0, 0
80,2018-08-15 05:32:50pm, STATIC, random_0, true, RIGHT, 2230, 0, 0, 0, 0
81,2018-08-15 05:32:53pm, STATIC, random_0, false, LEFT, 2708, 0, 0, 0, 0
82,2018-08-15 05:32:55pm, STATIC, random_0, false, LEFT, 2399, 0, 0, 0, 0
83,2018-08-15 05:32:57pm, STATIC, random_0, true, RIGHT, 2379, 1, 0, 1, 0
84,2018-08-15 05:33:00pm, STATIC, random_0, true, RIGHT, 2456, 0, 0, 0, 0
85,2018-08-15 05:33:02pm, STATIC, random_0, false, LEFT, 2485, 1, 0, 0, 1
86,2018-08-15 05:33:05pm, STATIC, random_0, false, LEFT, 2535, 1, 0, 0, 1
87,2018-08-15 05:33:08pm, STATIC, random_0, false, LEFT, 3285, 0, 0, 0, 0
88,2018-08-15 05:33:11pm, STATIC, random_0, true, RIGHT, 3160, 0, 0, 0, 0
89,2018-08-15 05:33:14pm, STATIC, random_0, false, LEFT, 2548, 0, 1, 1, 0
90,2018-08-15 05:33:16pm, STATIC, random_0, true, RIGHT, 2576, 0, 0, 0, 0
91,2018-08-15 05:33:19pm, STATIC, random_0, false, LEFT, 2412, 0, 0, 0, 0
92,2018-08-15 05:33:21pm, STATIC, random_0, false, LEFT, 2096, 0, 0, 0, 0
93,2018-08-15 05:33:23pm, STATIC, random_0, false, LEFT, 2188, 0, 0, 0, 0
94,2018-08-15 05:33:25pm, STATIC, random_0, false, LEFT, 2172, 0, 1, 1, 0
95,2018-08-15 05:33:28pm, STATIC, random_0, true, RIGHT, 2351, 0, 0, 0, 0
96,2018-08-15 05:33:31pm, STATIC, random_0, false, LEFT, 3125, 0, 0, 0, 0
97,2018-08-15 05:33:33pm, STATIC, random_0, true, RIGHT, 2352, 0, 0, 0, 0
98,2018-08-15 05:33:35pm, STATIC, random_0, true, RIGHT, 2319, 1, 0, 1, 0
