trial_number, time, schedule_type, schedule_name, is_biased_choice, side_choice, RT, observed_reward, unobserved_reward, biased_reward, unbiased_reward
0,2018-08-15 05:30:04pm, STATIC, random_2, true, RIGHT, 3391, 0, 1, 0, 1
1,2018-08-15 05:30:07pm, STATIC, random_2, false, LEFT, 3184, 0, 1, 1, 0
2,2018-08-15 05:30:10pm, STATIC, random_2, false, LEFT, 2855, 0, 0, 0, 0
3,2018-08-15 05:30:13pm, STATIC, random_2, true, RIGHT, 2740, 0, 0, 0, 0
4,2018-08-15 05:30:17pm, STATIC, random_2, false, LEFT, 3914, 1, 0, 0, 1
5,2018-08-15 05:30:20pm, STATIC, random_2, true, RIGHT, 3249, 0, 1, 0, 1
6,2018-08-15 05:30:23pm, STATIC, random_2, false, LEFT, 2611, 0, 0, 0, 0
7,2018-08-15 05:30:25pm, STATIC, random_2, true, RIGHT, 2635, 1, 1, 1, 1
8,2018-08-15 05:30:28pm, STATIC, random_2, true, RIGHT, 2631, 0, 0, 0, 0
9,2018-08-15 05:30:30pm, STATIC, random_2, true, RIGHT, 2464, 0, 1, 0, 1
10,2018-08-15 05:30:33pm, STATIC, random_2, true, RIGHT, 2554, 0, 0, 0, 0
11,2018-08-15 05:30:36pm, STATIC, random_2, false, LEFT, 2573, 0, 0, 0, 0
12,2018-08-15 05:30:38pm, STATIC, random_2, true, RIGHT, 2740, 0, 1, 0, 1
13,2018-08-15 05:30:41pm, STATIC, random_2, false, LEFT, 2441, 0, 0, 0, 0
14,2018-08-15 05:30:43pm, STATIC, random_2, false, LEFT, 2611, 0, 1, 1, 0
15,2018-08-15 05:30:46pm, STATIC, random_2, true, RIGHT, 2378, 0, 1, 0, 1
16,2018-08-15 05:30:49pm, STATIC, random_2, true, RIGHT, 2935, 0, 0, 0, 0
17,2018-08-15 05:30:51pm, STATIC, random_2, true, RIGHT, 2361, 0, 0, 0, 0
18,2018-08-15 05:30:54pm, STATIC, random_2, false, LEFT, 3387, 0, 1, 1, 0
19,2018-08-15 05:30:57pm, STATIC, random_2, true, RIGHT, 2433, 0, 1, 0, 1
20,2018-08-15 05:30:59pm, STATIC, random_2, true, RIGHT, 2410, 0, 0, 0, 0
21,2018-08-15 05:31:02pm, STATIC, random_2, true, RIGHT, 2443, 0, 0, 0, 0
22,2018-08-15 05:31:04pm, STATIC, random_2, true, RIGHT, 2595, 0, 1, 0, 1
23,2018-08-15 05:31:07pm, STATIC, random_2, false, LEFT, 2401, 0, 0, 0, 0
24,2018-08-15 05:31:10pm, STATIC, random_2, false, LEFT, 2976, 0, 0, 0, 0
25,2018-08-15 05:31:12pm, STATIC, random_2, true, RIGHT, 2385, 1, 1, 1, 1
26,2018-08-15 05:31:14pm, STATIC, random_2, false, LEFT, 2425, 0, 1, 1, 0
27,2018-08-15 05:31:17pm, STATIC, random_2, false, LEFT, 2597, 0, 0, 0, 0
28,2018-08-15 05:31:20pm, STATIC, random_2, false, LEFT, 2974, 0, 0, 0, 0
29,2018-08-15 05:31:23pm, STATIC, random_2, false, LEFT, 3121, 1, 0, 0, 1
30,2018-08-15 05:31:26pm, STATIC, random_2, false, LEFT, 2756, 0, 1, 1, 0
31,2018-08-15 05:31:28pm, STATIC, random_2, true, RIGHT, 2549, 1, 0, 1, 0
32,2018-08-15 05:31:31pm, STATIC, random_2, true, RIGHT, 2392, 0, 0, 0, 0
33,2018-08-15 05:31:33pm, STATIC, random_2, false, LEFT, 2498, 0, 0, 0, 0
34,2018-08-15 05:31:36pm, STATIC, random_2, true, RIGHT, 2281, 0, 1, 0, 1
35,2018-08-15 05:31:38pm, STATIC, random_2, false, LEFT, 2869, 0, 0, 0, 0
36,2018-08-15 05:31:42pm, STATIC, random_2, false, LEFT, 3663, 0, 0, 0, 0
37,2018-08-15 05:31:45pm, STATIC, random_2, true, RIGHT, 2416, 1, 0, 1, 0
38,2018-08-15 05:31:47pm, STATIC, random_2, true, RIGHT, 2371, 1, 1, 1, 1
39,2018-08-15 05:31:49pm, STATIC, random_2, true, RIGHT, 2399, 0, 0, 0, 0
40,2018-08-15 05:31:52pm, STATIC, random_2, true, RIGHT, 2403, 1, 0, 1, 0
41,2018-08-15 05:31:55pm, STATIC, random_2, true, RIGHT, 3397, 0, 0, 0, 0
42,2018-08-15 05:31:58pm, STATIC, random_2, true, RIGHT, 2417, 0, 0, 0, 0
43,2018-08-15 05:32:00pm, STATIC, random_2, false, LEFT, 2369, 0, 0, 0, 0
44,2018-08-15 05:32:02pm, STATIC, random_2, true, RIGHT, 2425, 0, 0, 0, 0
45,2018-08-15 05:32:05pm, STATIC, random_2, true, RIGHT, 2434, 0, 0, 0, 0
46,2018-08-15 05:32:07pm, STATIC, random_2, false, LEFT, 2409, 0, 1, 1, 0
47,2018-08-15 05:32:09pm, STATIC, random_2, true, RIGHT, 2273, 1, 0, 1, 0
48,2018-08-15 05:32:12pm, STATIC, random_2, true, RIGHT, 2851, 0, 0, 0, 0
49,2018-08-15 05:32:16pm, STATIC, random_2, true, RIGHT, 3680, 0, 0, 0, 0
50,2018-08-15 05:32:19pm, STATIC, random_2, true, RIGHT, 2627, 0, 0, 0, 0
51,2018-08-15 05:32:21pm, STATIC, random_2, false, LEFT, 2500, 0, 0, 0, 0
52,2018-08-15 05:32:23pm, STATIC, random_2, true, RIGHT, 2294, 0, 1, 0, 1
53,2018-08-15 05:32:26pm, STATIC, random_2, true, RIGHT, 2571, 0, 0, 0, 0
54,2018-08-15 05:32:30pm, STATIC, random_2, true, RIGHT, 3743, 1, 1, 1, 1
55,2018-08-15 05:32:33pm, STATIC, random_2, true, RIGHT, 2984, 1, 0, 1, 0
56,2018-08-15 05:32:35pm, STATIC, random_2, true, RIGHT, 2384, 0, 0, 0, 0
57,2018-08-15 05:32:38pm, STATIC, random_2, false, LEFT, 2450, 1, 1, 1, 1
58,2018-08-15 05:32:40pm, STATIC, random_2, true, RIGHT, 2879, 0, 0, 0, 0
59,2018-08-15 05:32:43pm, STATIC, random_2, false, LEFT, 2417, 0, 0, 0, 0
60,2018-08-15 05:32:45pm, STATIC, random_2, false, LEFT, 2466, 0, 1, 1, 0
61,2018-08-15 05:32:48pm, STATIC, random_2, true, RIGHT, 2950, 0, 0, 0, 0
62,2018-08-15 05:32:51pm, STATIC, random_2, true, RIGHT, 2507, 0, 0, 0, 0
63,2018-08-15 05:32:53pm, STATIC, random_2, true, RIGHT, 2424, 0, 0, 0, 0
64,2018-08-15 05:32:56pm, STATIC, random_2, true, RIGHT, 2524, 0, 0, 0, 0
65,2018-08-15 05:32:59pm, STATIC, random_2, true, RIGHT, 2789, 0, 0, 0, 0
66,2018-08-15 05:33:01pm, STATIC, random_2, false, LEFT, 2369, 0, 0, 0, 0
67,2018-08-15 05:33:03pm, STATIC, random_2, true, RIGHT, 2611, 0, 0, 0, 0
68,2018-08-15 05:33:06pm, STATIC, random_2, true, RIGHT, 2668, 0, 0, 0, 0
69,2018-08-15 05:33:09pm, STATIC, random_2, true, RIGHT, 2360, 1, 0, 1, 0
70,2018-08-15 05:33:11pm, STATIC, random_2, true, RIGHT, 2410, 0, 1, 0, 1
71,2018-08-15 05:33:15pm, STATIC, random_2, true, RIGHT, 4300, 1, 0, 1, 0
72,2018-08-15 05:33:18pm, STATIC, random_2, true, RIGHT, 2532, 0, 0, 0, 0
73,2018-08-15 05:33:20pm, STATIC, random_2, true, RIGHT, 2498, 0, 0, 0, 0
74,2018-08-15 05:33:23pm, STATIC, random_2, true, RIGHT, 2620, 0, 1, 0, 1
75,2018-08-15 05:33:25pm, STATIC, random_2, true, RIGHT, 2434, 0, 0, 0, 0
76,2018-08-15 05:33:28pm, STATIC, random_2, true, RIGHT, 2548, 0, 0, 0, 0
77,2018-08-15 05:33:30pm, STATIC, random_2, false, LEFT, 2561, 0, 0, 0, 0
78,2018-08-15 05:33:33pm, STATIC, random_2, true, RIGHT, 2580, 1, 0, 1, 0
79,2018-08-15 05:33:36pm, STATIC, random_2, true, RIGHT, 2530, 0, 1, 0, 1
80,2018-08-15 05:33:39pm, STATIC, random_2, true, RIGHT, 3025, 0, 0, 0, 0
81,2018-08-15 05:33:41pm, STATIC, random_2, false, LEFT, 2514, 1, 1, 1, 1
82,2018-08-15 05:33:44pm, STATIC, random_2, false, LEFT, 2515, 0, 0, 0, 0
83,2018-08-15 05:33:46pm, STATIC, random_2, true, RIGHT, 2572, 1, 0, 1, 0
84,2018-08-15 05:33:49pm, STATIC, random_2, true, RIGHT, 2435, 0, 1, 0, 1
85,2018-08-15 05:33:51pm, STATIC, random_2, true, RIGHT, 2488, 1, 0, 1, 0
86,2018-08-15 05:33:54pm, STATIC, random_2, true, RIGHT, 2434, 0, 0, 0, 0
87,2018-08-15 05:33:56pm, STATIC, random_2, false, LEFT, 2425, 0, 0, 0, 0
88,2018-08-15 05:33:58pm, STATIC, random_2, true, RIGHT, 2460, 0, 0, 0, 0
89,2018-08-15 05:34:01pm, STATIC, random_2, true, RIGHT, 2424, 0, 0, 0, 0
90,2018-08-15 05:34:04pm, STATIC, random_2, false, LEFT, 2505, 0, 0, 0, 0
91,2018-08-15 05:34:06pm, STATIC, random_2, true, RIGHT, 2954, 0, 1, 0, 1
92,2018-08-15 05:34:09pm, STATIC, random_2, true, RIGHT, 2617, 0, 0, 0, 0
93,2018-08-15 05:34:11pm, STATIC, random_2, true, RIGHT, 2386, 0, 1, 0, 1
94,2018-08-15 05:34:14pm, STATIC, random_2, false, LEFT, 2871, 1, 0, 0, 1
95,2018-08-15 05:34:17pm, STATIC, random_2, false, LEFT, 2999, 0, 1, 1, 0
96,2018-08-15 05:34:19pm, STATIC, random_2, true, RIGHT, 2328, 0, 0, 0, 0
97,2018-08-15 05:34:22pm, STATIC, random_2, true, RIGHT, 2394, 0, 0, 0, 0
98,2018-08-15 05:34:25pm, STATIC, random_2, true, RIGHT, 3275, 1, 0, 1, 0
99,2018-08-15 05:34:28pm, STATIC, random_2, true, RIGHT, 2798, 0, 1, 0, 1
