trial_number, time, schedule_type, schedule_name, is_biased_choice, side_choice, RT, observed_reward, unobserved_reward, biased_reward, unbiased_reward
0,2018-08-15 03:27:47pm, STATIC, random_14, false, LEFT, 2701, 0, 0, 0, 0
1,2018-08-15 03:27:51pm, STATIC, random_14, true, RIGHT, 3183, 0, 0, 0, 0
2,2018-08-15 03:27:53pm, STATIC, random_14, true, RIGHT, 2656, 1, 0, 1, 0
3,2018-08-15 03:27:56pm, STATIC, random_14, true, RIGHT, 2815, 1, 0, 1, 0
4,2018-08-15 03:27:58pm, STATIC, random_14, true, RIGHT, 2338, 0, 0, 0, 0
5,2018-08-15 03:28:01pm, STATIC, random_14, true, RIGHT, 2399, 0, 0, 0, 0
6,2018-08-15 03:28:03pm, STATIC, random_14, true, RIGHT, 2456, 0, 0, 0, 0
7,2018-08-15 03:28:06pm, STATIC, random_14, true, RIGHT, 2328, 0, 0, 0, 0
8,2018-08-15 03:28:08pm, STATIC, random_14, true, RIGHT, 2360, 0, 0, 0, 0
9,2018-08-15 03:28:10pm, STATIC, random_14, false, LEFT, 2256, 1, 0, 0, 1
10,2018-08-15 03:28:12pm, STATIC, random_14, false, LEFT, 2256, 0, 0, 0, 0
11,2018-08-15 03:28:15pm, STATIC, random_14, true, RIGHT, 2287, 1, 1, 1, 1
12,2018-08-15 03:28:17pm, STATIC, random_14, false, LEFT, 2377, 1, 0, 0, 1
13,2018-08-15 03:28:19pm, STATIC, random_14, true, RIGHT, 2232, 0, 0, 0, 0
14,2018-08-15 03:28:22pm, STATIC, random_14, true, RIGHT, 2248, 0, 0, 0, 0
15,2018-08-15 03:28:24pm, STATIC, random_14, true, RIGHT, 2305, 0, 0, 0, 0
16,2018-08-15 03:28:27pm, STATIC, random_14, false, LEFT, 2600, 0, 0, 0, 0
17,2018-08-15 03:28:29pm, STATIC, random_14, true, RIGHT, 2303, 0, 0, 0, 0
18,2018-08-15 03:28:32pm, STATIC, random_14, false, LEFT, 2904, 0, 0, 0, 0
19,2018-08-15 03:28:34pm, STATIC, random_14, false, LEFT, 2248, 0, 0, 0, 0
20,2018-08-15 03:28:39pm, STATIC, random_14, true, RIGHT, 5340, 0, 0, 0, 0
21,2018-08-15 03:28:42pm, STATIC, random_14, false, LEFT, 2651, 1, 0, 0, 1
22,2018-08-15 03:28:45pm, STATIC, random_14, true, RIGHT, 2609, 0, 0, 0, 0
23,2018-08-15 03:28:47pm, STATIC, random_14, false, LEFT, 2682, 1, 0, 0, 1
24,2018-08-15 03:28:50pm, STATIC, random_14, false, LEFT, 2678, 1, 0, 0, 1
25,2018-08-15 03:28:53pm, STATIC, random_14, false, LEFT, 2872, 0, 0, 0, 0
26,2018-08-15 03:28:55pm, STATIC, random_14, false, LEFT, 2465, 1, 0, 0, 1
27,2018-08-15 03:28:58pm, STATIC, random_14, false, LEFT, 2224, 1, 1, 1, 1
28,2018-08-15 03:29:00pm, STATIC, random_14, false, LEFT, 2207, 0, 0, 0, 0
29,2018-08-15 03:29:02pm, STATIC, random_14, false, LEFT, 2648, 0, 1, 1, 0
30,2018-08-15 03:29:05pm, STATIC, random_14, false, LEFT, 2216, 0, 0, 0, 0
31,2018-08-15 03:29:07pm, STATIC, random_14, false, LEFT, 2200, 0, 0, 0, 0
32,2018-08-15 03:29:09pm, STATIC, random_14, false, LEFT, 2145, 0, 0, 0, 0
33,2018-08-15 03:29:13pm, STATIC, random_14, false, LEFT, 2207, 0, 1, 1, 0
34,2018-08-15 03:29:15pm, STATIC, random_14, false, LEFT, 2457, 0, 1, 1, 0
35,2018-08-15 03:29:16pm, STATIC, random_14, true, RIGHT, 2720, 0, 0, 0, 0
36,2018-08-15 03:29:18pm, STATIC, random_14, true, RIGHT, 2176, 0, 0, 0, 0
37,2018-08-15 03:29:21pm, STATIC, random_14, false, LEFT, 2135, 1, 0, 0, 1
38,2018-08-15 03:29:23pm, STATIC, random_14, false, LEFT, 2393, 1, 0, 0, 1
39,2018-08-15 03:29:25pm, STATIC, random_14, false, LEFT, 2127, 0, 1, 1, 0
40,2018-08-15 03:29:27pm, STATIC, random_14, false, LEFT, 2152, 0, 0, 0, 0
41,2018-08-15 03:29:29pm, STATIC, random_14, true, RIGHT, 2177, 1, 0, 1, 0
42,2018-08-15 03:29:32pm, STATIC, random_14, true, RIGHT, 2191, 0, 0, 0, 0
43,2018-08-15 03:29:34pm, STATIC, random_14, false, LEFT, 2136, 0, 1, 1, 0
44,2018-08-15 03:29:36pm, STATIC, random_14, false, LEFT, 2184, 0, 0, 0, 0
45,2018-08-15 03:29:38pm, STATIC, random_14, false, LEFT, 2128, 0, 0, 0, 0
46,2018-08-15 03:29:41pm, STATIC, random_14, false, LEFT, 2432, 1, 1, 1, 1
47,2018-08-15 03:29:43pm, STATIC, random_14, false, LEFT, 2224, 0, 0, 0, 0
48,2018-08-15 03:29:45pm, STATIC, random_14, false, LEFT, 2225, 1, 0, 0, 1
49,2018-08-15 03:29:47pm, STATIC, random_14, false, LEFT, 2439, 1, 0, 0, 1
50,2018-08-15 03:30:06pm, STATIC, random_14, false, LEFT, 18912, 0, 1, 1, 0
51,2018-08-15 03:30:10pm, STATIC, random_14, true, RIGHT, 3120, 1, 1, 1, 1
52,2018-08-15 03:30:13pm, STATIC, random_14, false, LEFT, 3864, 1, 0, 0, 1
53,2018-08-15 03:30:16pm, STATIC, random_14, false, LEFT, 3032, 0, 1, 1, 0
54,2018-08-15 03:30:19pm, STATIC, random_14, false, LEFT, 2711, 0, 0, 0, 0
55,2018-08-15 03:30:22pm, STATIC, random_14, false, LEFT, 2833, 1, 0, 0, 1
56,2018-08-15 03:30:25pm, STATIC, random_14, false, LEFT, 2633, 0, 0, 0, 0
57,2018-08-15 03:30:27pm, STATIC, random_14, true, RIGHT, 2391, 1, 0, 1, 0
58,2018-08-15 03:30:29pm, STATIC, random_14, true, RIGHT, 2384, 0, 0, 0, 0
59,2018-08-15 03:30:31pm, STATIC, random_14, false, LEFT, 2176, 1, 0, 0, 1
60,2018-08-15 03:30:36pm, STATIC, random_14, true, RIGHT, 4113, 0, 0, 0, 0
61,2018-08-15 03:30:38pm, STATIC, random_14, true, RIGHT, 2326, 1, 0, 1, 0
62,2018-08-15 03:30:40pm, STATIC, random_14, true, RIGHT, 2417, 1, 0, 1, 0
63,2018-08-15 03:30:43pm, STATIC, random_14, true, RIGHT, 2408, 0, 0, 0, 0
64,2018-08-15 03:30:45pm, STATIC, random_14, true, RIGHT, 2369, 0, 0, 0, 0
65,2018-08-15 03:30:49pm, STATIC, random_14, false, LEFT, 4135, 0, 0, 0, 0
66,2018-08-15 03:30:52pm, STATIC, random_14, false, LEFT, 2696, 0, 1, 1, 0
67,2018-08-15 03:30:55pm, STATIC, random_14, true, RIGHT, 2864, 0, 0, 0, 0
68,2018-08-15 03:30:58pm, STATIC, random_14, false, LEFT, 2689, 0, 0, 0, 0
69,2018-08-15 03:31:00pm, STATIC, random_14, true, RIGHT, 2768, 0, 0, 0, 0
70,2018-08-15 03:31:03pm, STATIC, random_14, false, LEFT, 2390, 0, 0, 0, 0
71,2018-08-15 03:31:05pm, STATIC, random_14, false, LEFT, 2330, 1, 0, 0, 1
72,2018-08-15 03:31:07pm, STATIC, random_14, false, LEFT, 2384, 0, 1, 1, 0
73,2018-08-15 03:31:10pm, STATIC, random_14, false, LEFT, 2311, 0, 1, 1, 0
74,2018-08-15 03:31:12pm, STATIC, random_14, false, LEFT, 2193, 0, 0, 0, 0
75,2018-08-15 03:31:14pm, STATIC, random_14, true, RIGHT, 2143, 0, 0, 0, 0
76,2018-08-15 03:31:17pm, STATIC, random_14, true, RIGHT, 2625, 1, 0, 1, 0
77,2018-08-15 03:31:19pm, STATIC, random_14, true, RIGHT, 2304, 0, 0, 0, 0
78,2018-08-15 03:31:21pm, STATIC, random_14, true, RIGHT, 2335, 0, 0, 0, 0
79,2018-08-15 03:31:24pm, STATIC, random_14, true, RIGHT, 2481, 0, 1, 0, 1
80,2018-08-15 03:31:26pm, STATIC, random_14, false, LEFT, 2311, 1, 1, 1, 1
81,2018-08-15 03:31:28pm, STATIC, random_14, false, LEFT, 2097, 1, 0, 0, 1
82,2018-08-15 03:31:30pm, STATIC, random_14, false, LEFT, 2136, 1, 0, 0, 1
83,2018-08-15 03:31:33pm, STATIC, random_14, false, LEFT, 2216, 0, 0, 0, 0
84,2018-08-15 03:31:35pm, STATIC, random_14, false, LEFT, 2688, 1, 1, 1, 1
85,2018-08-15 03:31:39pm, STATIC, random_14, false, LEFT, 3856, 0, 0, 0, 0
86,2018-08-15 03:31:42pm, STATIC, random_14, false, LEFT, 2752, 0, 0, 0, 0
87,2018-08-15 03:31:44pm, STATIC, random_14, false, LEFT, 2568, 0, 0, 0, 0
88,2018-08-15 03:31:47pm, STATIC, random_14, true, RIGHT, 2249, 0, 0, 0, 0
89,2018-08-15 03:31:49pm, STATIC, random_14, false, LEFT, 2423, 0, 0, 0, 0
90,2018-08-15 03:31:51pm, STATIC, random_14, false, LEFT, 2224, 0, 1, 1, 0
91,2018-08-15 03:31:53pm, STATIC, random_14, false, LEFT, 2119, 0, 1, 1, 0
92,2018-08-15 03:31:56pm, STATIC, random_14, false, LEFT, 2121, 0, 0, 0, 0
93,2018-08-15 03:31:58pm, STATIC, random_14, false, LEFT, 2376, 0, 0, 0, 0
94,2018-08-15 03:32:00pm, STATIC, random_14, false, LEFT, 2176, 1, 0, 0, 1
95,2018-08-15 03:32:02pm, STATIC, random_14, false, LEFT, 2351, 0, 0, 0, 0
96,2018-08-15 03:32:05pm, STATIC, random_14, true, RIGHT, 2817, 0, 1, 0, 1
97,2018-08-15 03:32:08pm, STATIC, random_14, false, LEFT, 2360, 0, 0, 0, 0
98,2018-08-15 03:32:10pm, STATIC, random_14, false, LEFT, 2408, 0, 0, 0, 0
99,2018-08-15 03:32:12pm, STATIC, random_14, false, LEFT, 2152, 0, 0, 0, 0
