trial_number, time, schedule_type, schedule_name, is_biased_choice, side_choice, RT, observed_reward, unobserved_reward, biased_reward, unbiased_reward
0,2018-08-15 01:42:54pm, STATIC, random_19, true, LEFT, 7298, 0, 0, 0, 0
1,2018-08-15 01:42:59pm, STATIC, random_19, false, RIGHT, 4962, 0, 1, 1, 0
2,2018-08-15 01:43:04pm, STATIC, random_19, false, RIGHT, 4135, 0, 0, 0, 0
3,2018-08-15 01:43:07pm, STATIC, random_19, true, LEFT, 3123, 0, 0, 0, 0
4,2018-08-15 01:43:10pm, STATIC, random_19, false, RIGHT, 2929, 0, 0, 0, 0
5,2018-08-15 01:43:13pm, STATIC, random_19, true, LEFT, 3017, 1, 1, 1, 1
6,2018-08-15 01:43:15pm, STATIC, random_19, true, LEFT, 2835, 0, 0, 0, 0
7,2018-08-15 01:43:18pm, STATIC, random_19, false, RIGHT, 3001, 0, 0, 0, 0
8,2018-08-15 01:43:21pm, STATIC, random_19, true, LEFT, 2839, 1, 0, 1, 0
9,2018-08-15 01:43:25pm, STATIC, random_19, true, LEFT, 3436, 0, 0, 0, 0
10,2018-08-15 01:43:27pm, STATIC, random_19, true, LEFT, 2821, 0, 0, 0, 0
11,2018-08-15 01:43:30pm, STATIC, random_19, true, LEFT, 2733, 0, 0, 0, 0
12,2018-08-15 01:43:33pm, STATIC, random_19, true, LEFT, 2688, 0, 0, 0, 0
13,2018-08-15 01:43:36pm, STATIC, random_19, false, RIGHT, 2904, 0, 0, 0, 0
14,2018-08-15 01:43:38pm, STATIC, random_19, false, RIGHT, 2561, 0, 0, 0, 0
15,2018-08-15 01:43:41pm, STATIC, random_19, false, RIGHT, 2515, 1, 1, 1, 1
16,2018-08-15 01:43:43pm, STATIC, random_19, false, RIGHT, 2593, 1, 1, 1, 1
17,2018-08-15 01:43:46pm, STATIC, random_19, false, RIGHT, 2534, 1, 0, 0, 1
18,2018-08-15 01:43:49pm, STATIC, random_19, false, RIGHT, 2927, 0, 0, 0, 0
19,2018-08-15 01:43:52pm, STATIC, random_19, false, RIGHT, 2665, 0, 0, 0, 0
20,2018-08-15 01:43:54pm, STATIC, random_19, true, LEFT, 2590, 0, 0, 0, 0
21,2018-08-15 01:43:57pm, STATIC, random_19, true, LEFT, 3269, 0, 1, 0, 1
22,2018-08-15 01:44:01pm, STATIC, random_19, false, RIGHT, 3009, 0, 0, 0, 0
23,2018-08-15 01:44:03pm, STATIC, random_19, false, RIGHT, 2544, 1, 0, 0, 1
24,2018-08-15 01:44:05pm, STATIC, random_19, false, RIGHT, 2452, 1, 0, 0, 1
25,2018-08-15 01:44:08pm, STATIC, random_19, false, RIGHT, 2489, 0, 0, 0, 0
26,2018-08-15 01:44:12pm, STATIC, random_19, true, LEFT, 3598, 0, 0, 0, 0
27,2018-08-15 01:44:14pm, STATIC, random_19, false, RIGHT, 2683, 0, 1, 1, 0
28,2018-08-15 01:44:17pm, STATIC, random_19, false, RIGHT, 2489, 0, 1, 1, 0
29,2018-08-15 01:44:19pm, STATIC, random_19, false, RIGHT, 2630, 0, 1, 1, 0
30,2018-08-15 01:44:24pm, STATIC, random_19, false, RIGHT, 3285, 0, 0, 0, 0
31,2018-08-15 01:44:25pm, STATIC, random_19, false, RIGHT, 2620, 1, 1, 1, 1
32,2018-08-15 01:44:28pm, STATIC, random_19, false, RIGHT, 2481, 0, 0, 0, 0
33,2018-08-15 01:44:30pm, STATIC, random_19, false, RIGHT, 2532, 0, 0, 0, 0
34,2018-08-15 01:44:33pm, STATIC, random_19, false, RIGHT, 2580, 0, 0, 0, 0
35,2018-08-15 01:44:35pm, STATIC, random_19, false, RIGHT, 2537, 0, 0, 0, 0
36,2018-08-15 01:44:38pm, STATIC, random_19, false, RIGHT, 2453, 1, 1, 1, 1
37,2018-08-15 01:44:40pm, STATIC, random_19, false, RIGHT, 2493, 0, 0, 0, 0
38,2018-08-15 01:44:43pm, STATIC, random_19, false, RIGHT, 3109, 1, 0, 0, 1
39,2018-08-15 01:44:46pm, STATIC, random_19, false, RIGHT, 2544, 0, 0, 0, 0
40,2018-08-15 01:44:48pm, STATIC, random_19, false, RIGHT, 2514, 0, 1, 1, 0
41,2018-08-15 01:44:51pm, STATIC, random_19, false, RIGHT, 2553, 0, 0, 0, 0
42,2018-08-15 01:44:54pm, STATIC, random_19, false, RIGHT, 3200, 0, 0, 0, 0
43,2018-08-15 01:44:58pm, STATIC, random_19, false, RIGHT, 2991, 0, 0, 0, 0
44,2018-08-15 01:45:01pm, STATIC, random_19, false, RIGHT, 3365, 1, 0, 0, 1
45,2018-08-15 01:45:03pm, STATIC, random_19, false, RIGHT, 2751, 0, 0, 0, 0
46,2018-08-15 01:45:06pm, STATIC, random_19, false, RIGHT, 2451, 0, 0, 0, 0
47,2018-08-15 01:45:08pm, STATIC, random_19, false, RIGHT, 2511, 1, 0, 0, 1
48,2018-08-15 01:45:11pm, STATIC, random_19, false, RIGHT, 2508, 0, 1, 1, 0
49,2018-08-15 01:45:13pm, STATIC, random_19, false, RIGHT, 2489, 1, 0, 0, 1
50,2018-08-15 01:45:16pm, STATIC, random_19, false, RIGHT, 2787, 1, 0, 0, 1
51,2018-08-15 01:45:19pm, STATIC, random_19, false, RIGHT, 3026, 0, 1, 1, 0
52,2018-08-15 01:45:24pm, STATIC, random_19, true, LEFT, 2881, 1, 0, 1, 0
53,2018-08-15 01:45:26pm, STATIC, random_19, false, RIGHT, 3740, 0, 1, 1, 0
54,2018-08-15 01:45:30pm, STATIC, random_19, false, RIGHT, 3761, 1, 0, 0, 1
55,2018-08-15 01:45:33pm, STATIC, random_19, true, LEFT, 3237, 1, 0, 1, 0
56,2018-08-15 01:45:36pm, STATIC, random_19, false, RIGHT, 2790, 0, 0, 0, 0
57,2018-08-15 01:45:38pm, STATIC, random_19, false, RIGHT, 2748, 0, 0, 0, 0
58,2018-08-15 01:45:41pm, STATIC, random_19, true, LEFT, 2712, 1, 0, 1, 0
59,2018-08-15 01:45:44pm, STATIC, random_19, false, RIGHT, 2649, 0, 0, 0, 0
60,2018-08-15 01:45:47pm, STATIC, random_19, false, RIGHT, 2588, 0, 0, 0, 0
61,2018-08-15 01:45:49pm, STATIC, random_19, false, RIGHT, 2809, 0, 1, 1, 0
62,2018-08-15 01:45:52pm, STATIC, random_19, true, LEFT, 3057, 0, 0, 0, 0
63,2018-08-15 01:45:55pm, STATIC, random_19, false, RIGHT, 2556, 0, 0, 0, 0
64,2018-08-15 01:45:57pm, STATIC, random_19, false, RIGHT, 2533, 0, 0, 0, 0
65,2018-08-15 01:46:00pm, STATIC, random_19, false, RIGHT, 2540, 0, 0, 0, 0
66,2018-08-15 01:46:02pm, STATIC, random_19, true, LEFT, 2606, 0, 1, 0, 1
67,2018-08-15 01:46:05pm, STATIC, random_19, true, LEFT, 2697, 1, 0, 1, 0
68,2018-08-15 01:46:08pm, STATIC, random_19, true, LEFT, 2514, 0, 0, 0, 0
69,2018-08-15 01:46:10pm, STATIC, random_19, true, LEFT, 2502, 1, 1, 1, 1
70,2018-08-15 01:46:12pm, STATIC, random_19, true, LEFT, 2453, 1, 0, 1, 0
71,2018-08-15 01:46:15pm, STATIC, random_19, true, LEFT, 2616, 0, 0, 0, 0
72,2018-08-15 01:46:18pm, STATIC, random_19, false, RIGHT, 2504, 0, 0, 0, 0
73,2018-08-15 01:46:20pm, STATIC, random_19, false, RIGHT, 2563, 0, 0, 0, 0
74,2018-08-15 01:46:23pm, STATIC, random_19, false, RIGHT, 2608, 1, 0, 0, 1
75,2018-08-15 01:46:27pm, STATIC, random_19, true, LEFT, 2582, 0, 0, 0, 0
76,2018-08-15 01:46:28pm, STATIC, random_19, false, RIGHT, 2641, 0, 1, 1, 0
77,2018-08-15 01:46:30pm, STATIC, random_19, true, LEFT, 2461, 0, 1, 0, 1
78,2018-08-15 01:46:33pm, STATIC, random_19, false, RIGHT, 2402, 0, 0, 0, 0
79,2018-08-15 01:46:35pm, STATIC, random_19, true, LEFT, 2496, 0, 0, 0, 0
80,2018-08-15 01:46:38pm, STATIC, random_19, false, RIGHT, 2465, 0, 1, 1, 0
81,2018-08-15 01:46:40pm, STATIC, random_19, true, LEFT, 2496, 0, 0, 0, 0
82,2018-08-15 01:46:43pm, STATIC, random_19, false, RIGHT, 2477, 0, 0, 0, 0
83,2018-08-15 01:46:45pm, STATIC, random_19, false, RIGHT, 2467, 0, 0, 0, 0
84,2018-08-15 01:46:48pm, STATIC, random_19, false, RIGHT, 2395, 0, 0, 0, 0
85,2018-08-15 01:46:51pm, STATIC, random_19, false, RIGHT, 3396, 0, 0, 0, 0
86,2018-08-15 01:46:53pm, STATIC, random_19, true, LEFT, 2386, 0, 0, 0, 0
87,2018-08-15 01:46:56pm, STATIC, random_19, true, LEFT, 2362, 0, 0, 0, 0
88,2018-08-15 01:46:58pm, STATIC, random_19, true, LEFT, 2510, 0, 1, 0, 1
89,2018-08-15 01:47:02pm, STATIC, random_19, true, LEFT, 3062, 0, 1, 0, 1
90,2018-08-15 01:47:04pm, STATIC, random_19, false, RIGHT, 2671, 1, 0, 0, 1
91,2018-08-15 01:47:07pm, STATIC, random_19, false, RIGHT, 2500, 0, 0, 0, 0
92,2018-08-15 01:47:09pm, STATIC, random_19, false, RIGHT, 2428, 1, 0, 0, 1
93,2018-08-15 01:47:12pm, STATIC, random_19, false, RIGHT, 2653, 0, 0, 0, 0
94,2018-08-15 01:47:14pm, STATIC, random_19, false, RIGHT, 2500, 1, 1, 1, 1
95,2018-08-15 01:47:17pm, STATIC, random_19, false, RIGHT, 2887, 0, 0, 0, 0
96,2018-08-15 01:47:19pm, STATIC, random_19, false, RIGHT, 2350, 0, 0, 0, 0
97,2018-08-15 01:47:22pm, STATIC, random_19, false, RIGHT, 2419, 1, 0, 0, 1
98,2018-08-15 01:47:24pm, STATIC, random_19, false, RIGHT, 2586, 0, 0, 0, 0
