trial_number, time, schedule_type, schedule_name, is_biased_choice, side_choice, RT, observed_reward, unobserved_reward, biased_reward, unbiased_reward
0,2018-08-15 05:57:55pm, STATIC, random_9, true, LEFT, 2513, 0, 1, 0, 1
1,2018-08-15 05:57:58pm, STATIC, random_9, false, RIGHT, 3045, 0, 0, 0, 0
2,2018-08-15 05:58:01pm, STATIC, random_9, true, LEFT, 2665, 0, 0, 0, 0
3,2018-08-15 05:58:04pm, STATIC, random_9, false, RIGHT, 2672, 0, 0, 0, 0
4,2018-08-15 05:58:06pm, STATIC, random_9, true, LEFT, 2437, 0, 0, 0, 0
5,2018-08-15 05:58:08pm, STATIC, random_9, true, LEFT, 2366, 1, 0, 1, 0
6,2018-08-15 05:58:11pm, STATIC, random_9, true, LEFT, 2565, 0, 0, 0, 0
7,2018-08-15 05:58:13pm, STATIC, random_9, true, LEFT, 2423, 0, 0, 0, 0
8,2018-08-15 05:58:16pm, STATIC, random_9, false, RIGHT, 2413, 1, 0, 0, 1
9,2018-08-15 05:58:18pm, STATIC, random_9, true, LEFT, 2496, 0, 0, 0, 0
10,2018-08-15 05:58:21pm, STATIC, random_9, true, LEFT, 2548, 0, 1, 0, 1
11,2018-08-15 05:58:23pm, STATIC, random_9, true, LEFT, 2438, 0, 0, 0, 0
12,2018-08-15 05:58:26pm, STATIC, random_9, true, LEFT, 2325, 0, 0, 0, 0
13,2018-08-15 05:58:28pm, STATIC, random_9, true, LEFT, 2309, 0, 0, 0, 0
14,2018-08-15 05:58:30pm, STATIC, random_9, false, RIGHT, 2316, 0, 1, 1, 0
15,2018-08-15 05:58:33pm, STATIC, random_9, false, RIGHT, 2325, 1, 1, 1, 1
16,2018-08-15 05:58:35pm, STATIC, random_9, false, RIGHT, 2373, 1, 0, 0, 1
17,2018-08-15 05:58:37pm, STATIC, random_9, false, RIGHT, 2417, 0, 0, 0, 0
18,2018-08-15 05:58:40pm, STATIC, random_9, true, LEFT, 2258, 0, 0, 0, 0
19,2018-08-15 05:58:42pm, STATIC, random_9, false, RIGHT, 2340, 0, 0, 0, 0
20,2018-08-15 05:58:44pm, STATIC, random_9, false, RIGHT, 2495, 0, 1, 1, 0
21,2018-08-15 05:58:47pm, STATIC, random_9, false, RIGHT, 2275, 0, 0, 0, 0
22,2018-08-15 05:58:49pm, STATIC, random_9, true, LEFT, 2407, 0, 0, 0, 0
23,2018-08-15 05:58:52pm, STATIC, random_9, true, LEFT, 2592, 0, 0, 0, 0
24,2018-08-15 05:58:54pm, STATIC, random_9, true, LEFT, 2531, 0, 0, 0, 0
25,2018-08-15 05:58:57pm, STATIC, random_9, true, LEFT, 3061, 0, 1, 0, 1
26,2018-08-15 05:59:01pm, STATIC, random_9, true, LEFT, 3641, 0, 0, 0, 0
27,2018-08-15 05:59:03pm, STATIC, random_9, false, RIGHT, 2168, 0, 0, 0, 0
28,2018-08-15 05:59:06pm, STATIC, random_9, false, RIGHT, 2666, 0, 0, 0, 0
29,2018-08-15 05:59:08pm, STATIC, random_9, false, RIGHT, 2461, 0, 0, 0, 0
30,2018-08-15 05:59:10pm, STATIC, random_9, false, RIGHT, 2201, 1, 0, 0, 1
31,2018-08-15 05:59:13pm, STATIC, random_9, false, RIGHT, 2246, 1, 0, 0, 1
32,2018-08-15 05:59:15pm, STATIC, random_9, false, RIGHT, 2217, 1, 0, 0, 1
33,2018-08-15 05:59:17pm, STATIC, random_9, false, RIGHT, 2258, 0, 0, 0, 0
34,2018-08-15 05:59:20pm, STATIC, random_9, false, RIGHT, 2614, 0, 0, 0, 0
35,2018-08-15 05:59:22pm, STATIC, random_9, false, RIGHT, 2483, 0, 0, 0, 0
36,2018-08-15 05:59:25pm, STATIC, random_9, false, RIGHT, 2314, 1, 0, 0, 1
37,2018-08-15 05:59:27pm, STATIC, random_9, false, RIGHT, 2193, 0, 0, 0, 0
38,2018-08-15 05:59:29pm, STATIC, random_9, false, RIGHT, 2217, 1, 1, 1, 1
39,2018-08-15 05:59:31pm, STATIC, random_9, false, RIGHT, 2232, 0, 0, 0, 0
40,2018-08-15 05:59:33pm, STATIC, random_9, false, RIGHT, 2291, 0, 0, 0, 0
41,2018-08-15 05:59:36pm, STATIC, random_9, false, RIGHT, 2263, 0, 1, 1, 0
42,2018-08-15 05:59:38pm, STATIC, random_9, false, RIGHT, 2211, 1, 1, 1, 1
43,2018-08-15 05:59:40pm, STATIC, random_9, false, RIGHT, 2215, 0, 0, 0, 0
44,2018-08-15 05:59:42pm, STATIC, random_9, false, RIGHT, 2273, 0, 1, 1, 0
45,2018-08-15 05:59:45pm, STATIC, random_9, false, RIGHT, 2271, 0, 0, 0, 0
46,2018-08-15 05:59:47pm, STATIC, random_9, false, RIGHT, 2401, 0, 0, 0, 0
47,2018-08-15 05:59:50pm, STATIC, random_9, false, RIGHT, 2460, 0, 1, 1, 0
48,2018-08-15 05:59:52pm, STATIC, random_9, false, RIGHT, 2274, 0, 1, 1, 0
49,2018-08-15 05:59:54pm, STATIC, random_9, false, RIGHT, 2284, 0, 0, 0, 0
50,2018-08-15 05:59:56pm, STATIC, random_9, true, LEFT, 2308, 0, 0, 0, 0
51,2018-08-15 05:59:59pm, STATIC, random_9, true, LEFT, 2293, 0, 0, 0, 0
52,2018-08-15 06:00:01pm, STATIC, random_9, true, LEFT, 2299, 0, 0, 0, 0
53,2018-08-15 06:00:03pm, STATIC, random_9, true, LEFT, 2273, 1, 0, 1, 0
54,2018-08-15 06:00:06pm, STATIC, random_9, true, LEFT, 2308, 1, 0, 1, 0
55,2018-08-15 06:00:08pm, STATIC, random_9, true, LEFT, 2275, 0, 0, 0, 0
56,2018-08-15 06:00:10pm, STATIC, random_9, true, LEFT, 2262, 1, 0, 1, 0
57,2018-08-15 06:00:12pm, STATIC, random_9, true, LEFT, 2277, 0, 0, 0, 0
58,2018-08-15 06:00:15pm, STATIC, random_9, true, LEFT, 2245, 0, 0, 0, 0
59,2018-08-15 06:00:17pm, STATIC, random_9, true, LEFT, 2236, 0, 0, 0, 0
60,2018-08-15 06:00:19pm, STATIC, random_9, true, LEFT, 2240, 0, 0, 0, 0
61,2018-08-15 06:00:21pm, STATIC, random_9, false, RIGHT, 2298, 1, 0, 0, 1
62,2018-08-15 06:00:24pm, STATIC, random_9, false, RIGHT, 2700, 0, 1, 1, 0
63,2018-08-15 06:00:26pm, STATIC, random_9, false, RIGHT, 2244, 1, 0, 0, 1
64,2018-08-15 06:00:29pm, STATIC, random_9, false, RIGHT, 2231, 1, 0, 0, 1
65,2018-08-15 06:00:31pm, STATIC, random_9, false, RIGHT, 2377, 0, 0, 0, 0
66,2018-08-15 06:00:33pm, STATIC, random_9, false, RIGHT, 2252, 0, 1, 1, 0
67,2018-08-15 06:00:36pm, STATIC, random_9, false, RIGHT, 2271, 1, 0, 0, 1
68,2018-08-15 06:00:38pm, STATIC, random_9, false, RIGHT, 2319, 0, 0, 0, 0
69,2018-08-15 06:00:40pm, STATIC, random_9, false, RIGHT, 2261, 1, 0, 0, 1
70,2018-08-15 06:00:42pm, STATIC, random_9, false, RIGHT, 2356, 1, 0, 0, 1
71,2018-08-15 06:00:45pm, STATIC, random_9, false, RIGHT, 2327, 0, 0, 0, 0
72,2018-08-15 06:00:47pm, STATIC, random_9, false, RIGHT, 2255, 0, 0, 0, 0
73,2018-08-15 06:00:49pm, STATIC, random_9, false, RIGHT, 2317, 1, 0, 0, 1
74,2018-08-15 06:00:52pm, STATIC, random_9, false, RIGHT, 2313, 1, 0, 0, 1
75,2018-08-15 06:00:55pm, STATIC, random_9, false, RIGHT, 2984, 1, 0, 0, 1
76,2018-08-15 06:00:57pm, STATIC, random_9, false, RIGHT, 2247, 0, 0, 0, 0
77,2018-08-15 06:00:59pm, STATIC, random_9, false, RIGHT, 2243, 0, 0, 0, 0
78,2018-08-15 06:01:02pm, STATIC, random_9, false, RIGHT, 2342, 0, 1, 1, 0
79,2018-08-15 06:01:04pm, STATIC, random_9, true, LEFT, 2310, 0, 0, 0, 0
80,2018-08-15 06:01:06pm, STATIC, random_9, true, LEFT, 2262, 0, 1, 0, 1
81,2018-08-15 06:01:08pm, STATIC, random_9, true, LEFT, 2347, 1, 0, 1, 0
82,2018-08-15 06:01:11pm, STATIC, random_9, true, LEFT, 2383, 0, 1, 0, 1
83,2018-08-15 06:01:13pm, STATIC, random_9, true, LEFT, 2358, 1, 0, 1, 0
84,2018-08-15 06:01:15pm, STATIC, random_9, true, LEFT, 2269, 0, 0, 0, 0
85,2018-08-15 06:01:18pm, STATIC, random_9, true, LEFT, 2269, 0, 0, 0, 0
86,2018-08-15 06:01:20pm, STATIC, random_9, true, LEFT, 2327, 0, 0, 0, 0
87,2018-08-15 06:01:22pm, STATIC, random_9, false, RIGHT, 2268, 0, 1, 1, 0
88,2018-08-15 06:01:25pm, STATIC, random_9, false, RIGHT, 2252, 0, 0, 0, 0
89,2018-08-15 06:01:27pm, STATIC, random_9, false, RIGHT, 2304, 0, 0, 0, 0
90,2018-08-15 06:01:29pm, STATIC, random_9, false, RIGHT, 2247, 0, 1, 1, 0
91,2018-08-15 06:01:31pm, STATIC, random_9, false, RIGHT, 2320, 0, 1, 1, 0
92,2018-08-15 06:01:34pm, STATIC, random_9, true, LEFT, 2275, 1, 0, 1, 0
93,2018-08-15 06:01:36pm, STATIC, random_9, false, RIGHT, 2430, 0, 1, 1, 0
94,2018-08-15 06:01:39pm, STATIC, random_9, true, LEFT, 2528, 0, 1, 0, 1
95,2018-08-15 06:01:41pm, STATIC, random_9, true, LEFT, 2281, 1, 0, 1, 0
96,2018-08-15 06:01:43pm, STATIC, random_9, true, LEFT, 2292, 0, 0, 0, 0
97,2018-08-15 06:01:45pm, STATIC, random_9, true, LEFT, 2270, 1, 0, 1, 0
98,2018-08-15 06:01:48pm, STATIC, random_9, true, LEFT, 2303, 0, 1, 0, 1
99,2018-08-15 06:01:50pm, STATIC, random_9, false, RIGHT, 2329, 0, 0, 0, 0
